{"cameraMode":{"drawMode":0,"name":"Shaded","section":"Shading Mode"},"sceneLighting":false,"audioPlay":false,"sceneViewState":{"showFog":false,"showMaterialUpdate":false,"showSkybox":false,"showFlares":false,"showImageEffects":false,"showParticleSystems":false},"in2DMode":false,"pivot":{"x":-0.392740398645401,"y":0.010513227432966233,"z":0.37815210223197939},"rotation":{"x":-0.09674067795276642,"y":-0.6556719541549683,"z":0.08526081591844559,"w":-0.7439601421356201},"size":15.354422569274903,"orthographic":false}